hour_beginning,location,Pedestrians,Towards Manhattan,Towards Brooklyn,weather_summary,temperature,precipitation,lat,long,events,sample,x1_dummy,x2_dummy,weather_dummy
10/19/2017 6:00,Brooklyn Bridge,111,63,48,clear-night,53,0,40.70816397,-73.9995087,,3.57E-06,0,0,1
1/21/2018 23:00,Brooklyn Bridge,33,21,12,cloudy,44,0,40.70816397,-73.9995087,,0.000149979,0,0,2
6/1/2018 22:00,Brooklyn Bridge,428,196,232,clear-night,71,0.0002,40.70816397,-73.9995087,,0.000372857,0,0,1
3/2/2018 14:00,Brooklyn Bridge,39,24,15,rain,36,0.0655,40.70816397,-73.9995087,,0.001001843,0,0,3
2/1/2018 22:00,Brooklyn Bridge,72,46,26,cloudy,39,0.0001,40.70816397,-73.9995087,,0.001029279,0,0,2
7/9/2018 7:00,Brooklyn Bridge,265,93,172,clear-day,66,0,40.70816397,-73.9995087,,0.001135468,0,0,4
2/7/2018 23:00,Brooklyn Bridge,31,25,6,partly-cloudy-night,36,0.0037,40.70816397,-73.9995087,,0.001253563,0,0,5
12/17/2017 0:00,Brooklyn Bridge,123,114,9,partly-cloudy-night,34,0.0001,40.70816397,-73.9995087,,0.001288296,0,0,5
10/30/2017 15:00,Brooklyn Bridge,2274,1222,1052,partly-cloudy-day,55,0.0002,40.70816397,-73.9995087,,0.001530149,1,1,6
5/29/2018 7:00,Brooklyn Bridge,183,90,93,partly-cloudy-day,65,0.0002,40.70816397,-73.9995087,,0.00161729,0,0,6
3/27/2018 8:00,Brooklyn Bridge,289,95,194,clear-day,34,0,40.70816397,-73.9995087,,0.001626699,0,0,4
5/3/2018 4:00,Brooklyn Bridge,7,2,5,clear-night,69,0,40.70816397,-73.9995087,,0.001652739,0,0,1
1/14/2018 1:00,Brooklyn Bridge,4,2,2,clear-night,17,0,40.70816397,-73.9995087,,0.001944666,0,0,1
7/31/2018 8:00,Brooklyn Bridge,369,124,245,partly-cloudy-day,72,0,40.70816397,-73.9995087,,0.002059071,0,0,6
5/12/2018 6:00,Brooklyn Bridge,28,14,14,rain,54,0.1353,40.70816397,-73.9995087,,0.002084606,0,0,3
4/30/2018 21:00,Brooklyn Bridge,188,96,92,partly-cloudy-night,48,0.0004,40.70816397,-73.9995087,,0.002330518,0,0,5
10/6/2017 17:00,Brooklyn Bridge,2124,1188,936,clear-day,77,0,40.70816397,-73.9995087,,0.002534932,1,1,4
6/22/2018 3:00,Brooklyn Bridge,11,8,3,partly-cloudy-night,68,0,40.70816397,-73.9995087,,0.002573685,0,0,5
10/11/2017 5:00,Brooklyn Bridge,37,24,13,clear-night,63,0,40.70816397,-73.9995087,,0.002618124,0,0,1
5/6/2018 7:00,Brooklyn Bridge,220,59,161,partly-cloudy-day,59,0.0038,40.70816397,-73.9995087,,0.002725239,0,0,6
7/9/2018 19:00,Brooklyn Bridge,1638,923,715,clear-day,80,0,40.70816397,-73.9995087,,0.002885761,1,1,4
11/5/2017 0:00,Brooklyn Bridge,91,49,42,partly-cloudy-night,53,0,40.70816397,-73.9995087,Daylight Saving Time ends,0.002975761,0,0,5
5/24/2018 20:00,Brooklyn Bridge,1456,546,910,clear-day,74,0,40.70816397,-73.9995087,,0.003317399,1,1,4
11/7/2017 14:00,Brooklyn Bridge,1580,760,820,partly-cloudy-day,47,0.0005,40.70816397,-73.9995087,,0.00336345,1,1,6
4/28/2018 4:00,Brooklyn Bridge,7,4,3,partly-cloudy-night,50,0,40.70816397,-73.9995087,,0.003475467,0,0,5
3/28/2018 12:00,Brooklyn Bridge,1531,700,831,partly-cloudy-day,44,0,40.70816397,-73.9995087,,0.003697488,1,1,6
2/19/2018 12:00,Brooklyn Bridge,1518,696,822,partly-cloudy-day,45,0.0012,40.70816397,-73.9995087,Presidents' Day (regional holiday),0.003789729,1,1,6
4/10/2018 13:00,Brooklyn Bridge,868,391,477,partly-cloudy-day,49,0.0066,40.70816397,-73.9995087,,0.004011659,1,1,6
2/20/2018 13:00,Brooklyn Bridge,1567,719,848,partly-cloudy-day,59,0,40.70816397,-73.9995087,,0.004057081,1,1,6
5/4/2018 12:00,Brooklyn Bridge,2223,1008,1215,partly-cloudy-day,74,0.0006,40.70816397,-73.9995087,,0.004176878,1,1,6
1/12/2018 7:00,Brooklyn Bridge,76,27,49,partly-cloudy-night,53,0.0028,40.70816397,-73.9995087,,0.004183689,0,0,5
12/9/2017 22:00,Brooklyn Bridge,25,15,10,partly-cloudy-night,31,0.0017,40.70816397,-73.9995087,,0.004238853,0,0,5
12/29/2017 9:00,Brooklyn Bridge,442,260,182,partly-cloudy-day,14,0,40.70816397,-73.9995087,,0.004637139,0,0,6
5/15/2018 19:00,Brooklyn Bridge,125,99,26,rain,65,0.0796,40.70816397,-73.9995087,,0.0047189,0,0,3
1/10/2018 17:00,Brooklyn Bridge,456,207,249,partly-cloudy-night,36,0.0003,40.70816397,-73.9995087,,0.005060306,0,0,5
7/3/2018 2:00,Brooklyn Bridge,7,6,1,clear-night,78,0,40.70816397,-73.9995087,,0.005080807,0,0,1
3/19/2018 4:00,Brooklyn Bridge,2,1,1,clear-night,33,0,40.70816397,-73.9995087,,0.005462375,0,0,1
4/24/2018 21:00,Brooklyn Bridge,219,86,133,partly-cloudy-night,54,0,40.70816397,-73.9995087,,0.005617672,0,0,5
10/11/2017 18:00,Brooklyn Bridge,615,371,244,partly-cloudy-day,69,0,40.70816397,-73.9995087,,0.005640851,1,0,6
7/19/2018 2:00,Brooklyn Bridge,12,7,5,clear-night,69,0,40.70816397,-73.9995087,,0.006027475,0,0,1
1/25/2018 3:00,Brooklyn Bridge,2,1,1,clear-night,23,0,40.70816397,-73.9995087,,0.006107909,0,0,1
3/17/2018 16:00,Brooklyn Bridge,1954,844,1110,clear-day,46,0,40.70816397,-73.9995087,St. Patrick's Day,0.006291587,1,1,4
11/5/2017 14:00,Brooklyn Bridge,1087,584,503,cloudy,58,0.007,40.70816397,-73.9995087,Daylight Saving Time ends,0.00647878,1,1,2
6/6/2018 11:00,Brooklyn Bridge,1558,883,675,cloudy,65,0,40.70816397,-73.9995087,,0.00654023,1,1,2
4/1/2018 20:00,Brooklyn Bridge,643,246,397,clear-night,50,0,40.70816397,-73.9995087,Easter Sunday,0.006662458,0,1,1
11/17/2017 13:00,Brooklyn Bridge,1456,646,810,clear-day,46,0.0026,40.70816397,-73.9995087,,0.007594797,1,1,4
10/2/2017 21:00,Brooklyn Bridge,301,142,159,clear-night,60,0,40.70816397,-73.9995087,,0.007608051,0,0,1
10/16/2017 16:00,Brooklyn Bridge,1723,889,834,clear-day,57,0,40.70816397,-73.9995087,,0.007629084,1,1,4
2/20/2018 9:00,Brooklyn Bridge,354,177,177,cloudy,49,0,40.70816397,-73.9995087,,0.007664789,0,0,2
11/16/2017 6:00,Brooklyn Bridge,32,17,15,partly-cloudy-night,50,0.0237,40.70816397,-73.9995087,,0.007795985,0,0,5
5/17/2018 10:00,Brooklyn Bridge,593,387,206,partly-cloudy-day,59,0.012,40.70816397,-73.9995087,,0.007944579,1,0,6
4/14/2018 9:00,Brooklyn Bridge,980,596,384,clear-day,66,0,40.70816397,-73.9995087,,0.008444321,1,1,4
3/24/2018 0:00,Brooklyn Bridge,20,0,20,partly-cloudy-night,40,0,40.70816397,-73.9995087,,0.008661853,0,0,5
5/7/2018 8:00,Brooklyn Bridge,466,180,286,clear-day,57,0,40.70816397,-73.9995087,,0.008695633,0,0,4
7/8/2018 3:00,Brooklyn Bridge,24,5,19,clear-night,63,0,40.70816397,-73.9995087,,0.008821509,0,0,1
1/11/2018 21:00,Brooklyn Bridge,102,73,29,clear-night,41,0.0002,40.70816397,-73.9995087,,0.00902842,0,0,1
1/18/2018 9:00,Brooklyn Bridge,192,96,96,clear-day,21,0,40.70816397,-73.9995087,,0.009051421,0,0,4
7/14/2018 5:00,Brooklyn Bridge,72,59,13,clear-night,69,0,40.70816397,-73.9995087,,0.009252633,0,0,1
4/5/2018 22:00,Brooklyn Bridge,119,54,65,clear-night,39,0,40.70816397,-73.9995087,,0.009302996,0,0,1
1/17/2018 1:00,Brooklyn Bridge,9,5,4,partly-cloudy-night,35,0,40.70816397,-73.9995087,,0.009482177,0,0,5
11/17/2017 6:00,Brooklyn Bridge,107,60,47,partly-cloudy-night,40,0,40.70816397,-73.9995087,,0.009751893,0,0,5
12/17/2017 12:00,Brooklyn Bridge,1441,674,767,cloudy,35,0.0004,40.70816397,-73.9995087,,0.00992776,1,1,2
1/21/2018 18:00,Brooklyn Bridge,539,271,268,partly-cloudy-night,46,0,40.70816397,-73.9995087,,0.009986173,0,0,5
6/17/2018 12:00,Brooklyn Bridge,1848,945,903,clear-day,83,0,40.70816397,-73.9995087,Father's Day,0.010518326,1,1,4
2/10/2018 19:00,Brooklyn Bridge,119,96,23,rain,43,0.0354,40.70816397,-73.9995087,,0.010961694,0,0,3
7/8/2018 23:00,Brooklyn Bridge,346,202,144,clear-night,69,0,40.70816397,-73.9995087,,0.011285373,0,0,1
1/20/2018 14:00,Brooklyn Bridge,1916,923,993,clear-day,50,0.003,40.70816397,-73.9995087,,0.011387802,1,1,4
2/24/2018 8:00,Brooklyn Bridge,213,128,85,partly-cloudy-day,45,0,40.70816397,-73.9995087,,0.011529019,0,0,6
5/7/2018 21:00,Brooklyn Bridge,425,166,259,partly-cloudy-night,60,0,40.70816397,-73.9995087,,0.012201677,0,0,5
6/3/2018 17:00,Brooklyn Bridge,2063,885,1178,partly-cloudy-day,61,0,40.70816397,-73.9995087,,0.012278861,1,1,6
4/4/2018 22:00,Brooklyn Bridge,131,77,54,clear-night,44,0,40.70816397,-73.9995087,,0.012392724,0,0,1
6/15/2018 14:00,Brooklyn Bridge,2136,1016,1120,partly-cloudy-day,73,0,40.70816397,-73.9995087,,0.012517497,1,1,6
6/23/2018 3:00,Brooklyn Bridge,8,6,2,cloudy,63,0.0004,40.70816397,-73.9995087,,0.012613973,0,0,2
4/26/2018 12:00,Brooklyn Bridge,2187,1009,1178,clear-day,60,0.0011,40.70816397,-73.9995087,,0.012636484,1,1,4
10/22/2017 10:00,Brooklyn Bridge,2355,1392,963,clear-day,59,0,40.70816397,-73.9995087,,0.012671916,1,1,4
2/1/2018 7:00,Brooklyn Bridge,106,42,64,partly-cloudy-night,33,0,40.70816397,-73.9995087,,0.01267375,0,0,5
11/22/2017 2:00,Brooklyn Bridge,16,12,4,clear-night,47,0.0002,40.70816397,-73.9995087,,0.012899898,0,0,1
2/21/2018 3:00,Brooklyn Bridge,5,0,5,partly-cloudy-night,53,0,40.70816397,-73.9995087,,0.013059445,0,0,5
6/30/2018 6:00,Brooklyn Bridge,151,81,70,clear-day,71,0,40.70816397,-73.9995087,,0.013121626,0,0,4
4/18/2018 22:00,Brooklyn Bridge,126,59,67,clear-night,46,0,40.70816397,-73.9995087,,0.013246918,0,0,1
4/7/2018 7:00,Brooklyn Bridge,101,45,56,cloudy,40,0.0029,40.70816397,-73.9995087,,0.013348283,0,0,2
6/29/2018 0:00,Brooklyn Bridge,93,45,48,clear-night,73,0.0002,40.70816397,-73.9995087,,0.013395545,0,0,1
4/12/2018 12:00,Brooklyn Bridge,1405,641,764,clear-day,54,0,40.70816397,-73.9995087,,0.0135635,1,1,4
6/14/2018 11:00,Brooklyn Bridge,1749,849,900,clear-day,77,0,40.70816397,-73.9995087,,0.013675574,1,1,4
11/2/2017 19:00,Brooklyn Bridge,488,220,268,clear-night,66,0,40.70816397,-73.9995087,,0.013866552,0,0,1
4/16/2018 19:00,Brooklyn Bridge,558,264,294,partly-cloudy-day,52,0.0016,40.70816397,-73.9995087,,0.013905716,0,0,6
1/25/2018 21:00,Brooklyn Bridge,102,83,19,clear-night,29,0,40.70816397,-73.9995087,,0.014134789,0,0,1
11/6/2017 23:00,Brooklyn Bridge,42,18,24,clear-night,48,0,40.70816397,-73.9995087,,0.014147235,0,0,1
1/17/2018 12:00,Brooklyn Bridge,229,137,92,partly-cloudy-day,33,0.0065,40.70816397,-73.9995087,,0.014179784,0,0,6
1/15/2018 15:00,Brooklyn Bridge,889,448,441,partly-cloudy-day,30,0.0001,40.70816397,-73.9995087,Martin Luther King Jr. Day,0.01426826,1,1,6
5/28/2018 10:00,Brooklyn Bridge,1735,978,757,partly-cloudy-day,60,0.0008,40.70816397,-73.9995087,Memorial Day,0.014307437,1,1,6
2/11/2018 1:00,Brooklyn Bridge,6,4,2,cloudy,45,0.0227,40.70816397,-73.9995087,,0.01487773,0,0,2
4/3/2018 17:00,Brooklyn Bridge,341,225,116,fog,41,0.0192,40.70816397,-73.9995087,,0.014905255,0,0,7
12/27/2017 0:00,Brooklyn Bridge,12,7,5,clear-night,21,0,40.70816397,-73.9995087,,0.014954057,0,0,1
5/5/2018 12:00,Brooklyn Bridge,2854,1574,1280,clear-day,68,0,40.70816397,-73.9995087,Cinco de Mayo,0.015007972,1,1,4
10/5/2017 2:00,Brooklyn Bridge,3,3,0,partly-cloudy-night,64,0,40.70816397,-73.9995087,,0.01519071,0,0,5
12/18/2017 10:00,Brooklyn Bridge,768,418,350,cloudy,37,0.0006,40.70816397,-73.9995087,,0.015263706,1,1,2
1/25/2018 0:00,Brooklyn Bridge,14,6,8,clear-night,26,0,40.70816397,-73.9995087,,0.015631456,0,0,1
11/12/2017 7:00,Brooklyn Bridge,103,47,56,clear-day,30,0,40.70816397,-73.9995087,,0.015805984,0,0,4
2/3/2018 20:00,Brooklyn Bridge,202,149,53,clear-night,28,0,40.70816397,-73.9995087,,0.015831122,0,0,1
1/13/2018 11:00,Brooklyn Bridge,1045,579,466,partly-cloudy-day,29,0.0001,40.70816397,-73.9995087,,0.01605021,1,1,6
11/2/2017 14:00,Brooklyn Bridge,2073,991,1082,partly-cloudy-day,70,0,40.70816397,-73.9995087,,0.016081241,1,1,6
11/24/2017 9:00,Brooklyn Bridge,497,304,193,clear-day,37,0,40.70816397,-73.9995087,Black Friday,0.016135527,0,0,4
3/1/2018 0:00,Brooklyn Bridge,35,22,13,partly-cloudy-night,52,0,40.70816397,-73.9995087,,0.016321938,0,0,5
4/27/2018 21:00,Brooklyn Bridge,260,151,109,partly-cloudy-night,52,0,40.70816397,-73.9995087,,0.016386931,0,0,5
6/8/2018 21:00,Brooklyn Bridge,806,291,515,partly-cloudy-night,76,0,40.70816397,-73.9995087,,0.016507464,0,1,5
3/21/2018 2:00,Brooklyn Bridge,2,0,2,cloudy,38,0,40.70816397,-73.9995087,,0.017059153,0,0,2
1/8/2018 7:00,Brooklyn Bridge,52,17,35,clear-night,18,0,40.70816397,-73.9995087,,0.01716703,0,0,1
11/1/2017 1:00,Brooklyn Bridge,12,6,6,clear-night,45,0,40.70816397,-73.9995087,,0.017188698,0,0,1
12/4/2017 14:00,Brooklyn Bridge,1818,813,1005,clear-day,49,0,40.70816397,-73.9995087,,0.017231695,1,1,4
4/14/2018 4:00,Brooklyn Bridge,9,5,4,clear-night,62,0,40.70816397,-73.9995087,,0.017254745,0,0,1
6/16/2018 13:00,Brooklyn Bridge,2728,1366,1362,clear-day,80,0,40.70816397,-73.9995087,,0.017428869,1,1,4
7/31/2018 3:00,Brooklyn Bridge,18,10,8,clear-night,68,0,40.70816397,-73.9995087,,0.017438897,0,0,1
4/17/2018 23:00,Brooklyn Bridge,50,31,19,partly-cloudy-night,40,0.0003,40.70816397,-73.9995087,Tax Day,0.017957118,0,0,5
7/7/2018 17:00,Brooklyn Bridge,2966,1324,1642,clear-day,74,0,40.70816397,-73.9995087,,0.017997906,1,1,4
6/17/2018 11:00,Brooklyn Bridge,1784,902,882,clear-day,82,0,40.70816397,-73.9995087,Father's Day,0.018178081,1,1,4
4/23/2018 19:00,Brooklyn Bridge,1052,497,555,clear-day,54,0,40.70816397,-73.9995087,,0.01830786,1,1,4
4/27/2018 12:00,Brooklyn Bridge,650,370,280,rain,55,0.054,40.70816397,-73.9995087,,0.01856472,1,0,3
12/16/2017 22:00,Brooklyn Bridge,161,115,46,partly-cloudy-night,35,0.0005,40.70816397,-73.9995087,,0.018661354,0,0,5
2/18/2018 8:00,Brooklyn Bridge,168,92,76,clear-day,35,0.0019,40.70816397,-73.9995087,,0.018832477,0,0,4
5/1/2018 0:00,Brooklyn Bridge,52,17,35,partly-cloudy-night,47,0,40.70816397,-73.9995087,,0.018858288,0,0,5
3/30/2018 9:00,Brooklyn Bridge,445,222,223,partly-cloudy-day,52,0.0006,40.70816397,-73.9995087,,0.018912973,0,0,6
10/23/2017 12:00,Brooklyn Bridge,2357,1128,1229,partly-cloudy-day,72,0,40.70816397,-73.9995087,,0.018931298,1,1,6
11/21/2017 10:00,Brooklyn Bridge,1099,654,445,clear-day,50,0.0001,40.70816397,-73.9995087,,0.019006969,1,1,4
4/8/2018 23:00,Brooklyn Bridge,30,14,16,clear-night,35,0,40.70816397,-73.9995087,,0.019084683,0,0,1
7/4/2018 20:00,Brooklyn Bridge,925,925,0,partly-cloudy-day,79,0.0003,40.70816397,-73.9995087,Independence Day,0.019110126,1,0,6
3/15/2018 9:00,Brooklyn Bridge,354,166,188,clear-day,34,0,40.70816397,-73.9995087,,0.019164241,0,0,4
4/13/2018 19:00,Brooklyn Bridge,1823,939,884,clear-day,70,0.0005,40.70816397,-73.9995087,,0.019440537,1,1,4
2/10/2018 12:00,Brooklyn Bridge,1317,659,658,partly-cloudy-day,46,0.006,40.70816397,-73.9995087,,0.019509992,1,1,6
5/9/2018 9:00,Brooklyn Bridge,773,378,395,clear-day,62,0,40.70816397,-73.9995087,,0.019600981,1,1,4
6/22/2018 21:00,Brooklyn Bridge,633,220,413,partly-cloudy-night,66,0,40.70816397,-73.9995087,,0.019636668,0,1,5
12/16/2017 3:00,Brooklyn Bridge,0,0,0,clear-night,23,0,40.70816397,-73.9995087,,0.01997034,0,0,1
7/22/2018 20:00,Brooklyn Bridge,639,214,425,rain,75,0.0479,40.70816397,-73.9995087,,0.020003321,0,1,3
10/3/2017 19:00,Brooklyn Bridge,613,240,373,clear-night,61,0,40.70816397,-73.9995087,,0.020062845,0,1,1
11/30/2017 8:00,Brooklyn Bridge,291,103,188,clear-day,36,0,40.70816397,-73.9995087,,0.020091668,0,0,4
12/29/2017 14:00,Brooklyn Bridge,2305,1254,1051,partly-cloudy-day,21,0,40.70816397,-73.9995087,,0.020248433,1,1,6
7/18/2018 5:00,Brooklyn Bridge,75,45,30,partly-cloudy-night,69,0,40.70816397,-73.9995087,,0.020402742,0,0,5
12/14/2017 9:00,Brooklyn Bridge,184,80,104,partly-cloudy-day,26,0.0007,40.70816397,-73.9995087,,0.020409141,0,0,6
10/14/2017 6:00,Brooklyn Bridge,37,25,12,partly-cloudy-night,61,0.0018,40.70816397,-73.9995087,,0.020813627,0,0,5
4/4/2018 6:00,Brooklyn Bridge,58,25,33,fog,42,0.0007,40.70816397,-73.9995087,,0.021044246,0,0,7
3/3/2018 11:00,Brooklyn Bridge,1480,746,734,clear-day,43,0.005,40.70816397,-73.9995087,,0.021477503,1,1,4
6/23/2018 5:00,Brooklyn Bridge,29,18,11,cloudy,63,0.0005,40.70816397,-73.9995087,,0.021658261,0,0,2
4/15/2018 22:00,Brooklyn Bridge,6,4,2,partly-cloudy-night,38,0.0242,40.70816397,-73.9995087,,0.021689563,0,0,5
1/20/2018 15:00,Brooklyn Bridge,2307,1044,1263,clear-day,50,0.0027,40.70816397,-73.9995087,,0.021697838,1,1,4
2/18/2018 14:00,Brooklyn Bridge,2420,1312,1108,rain,44,0.0579,40.70816397,-73.9995087,,0.021867606,1,1,3
11/29/2017 21:00,Brooklyn Bridge,168,131,37,clear-night,46,0,40.70816397,-73.9995087,,0.022186002,0,0,1
1/24/2018 4:00,Brooklyn Bridge,7,1,6,partly-cloudy-night,41,0,40.70816397,-73.9995087,,0.022312247,0,0,5
1/15/2018 9:00,Brooklyn Bridge,192,104,88,clear-day,21,0,40.70816397,-73.9995087,Martin Luther King Jr. Day,0.022410416,0,0,4
1/17/2018 3:00,Brooklyn Bridge,0,0,0,partly-cloudy-night,35,0.0032,40.70816397,-73.9995087,,0.022424258,0,0,5
3/30/2018 2:00,Brooklyn Bridge,12,7,5,partly-cloudy-night,47,0.003,40.70816397,-73.9995087,,0.02242888,0,0,5
3/20/2018 10:00,Brooklyn Bridge,481,230,251,clear-day,32,0,40.70816397,-73.9995087,,0.022500499,0,0,4
6/24/2018 19:00,Brooklyn Bridge,1730,848,882,partly-cloudy-day,82,0.0015,40.70816397,-73.9995087,,0.022633377,1,1,6
10/23/2017 0:00,Brooklyn Bridge,49,23,26,clear-night,58,0,40.70816397,-73.9995087,,0.023177949,0,0,1
6/17/2018 13:00,Brooklyn Bridge,2037,918,1119,clear-day,86,0,40.70816397,-73.9995087,Father's Day,0.023276211,1,1,4
1/21/2018 7:00,Brooklyn Bridge,101,56,45,clear-night,35,0,40.70816397,-73.9995087,,0.023413364,0,0,1
3/9/2018 2:00,Brooklyn Bridge,4,0,4,partly-cloudy-night,31,0,40.70816397,-73.9995087,,0.023572896,0,0,5
10/5/2017 12:00,Brooklyn Bridge,1705,817,888,rain,77,0.0272,40.70816397,-73.9995087,,0.023915481,1,1,3
11/26/2017 2:00,Brooklyn Bridge,26,15,11,partly-cloudy-night,48,0,40.70816397,-73.9995087,,0.024154822,0,0,5
7/10/2018 11:00,Brooklyn Bridge,1183,621,562,clear-day,84,0,40.70816397,-73.9995087,,0.024311595,1,1,4
4/27/2018 10:00,Brooklyn Bridge,629,396,233,partly-cloudy-day,53,0.0054,40.70816397,-73.9995087,,0.024371717,1,0,6
6/26/2018 21:00,Brooklyn Bridge,821,280,541,clear-night,70,0,40.70816397,-73.9995087,,0.024529853,0,1,1
3/26/2018 8:00,Brooklyn Bridge,288,120,168,clear-day,35,0,40.70816397,-73.9995087,,0.024598182,0,0,4
12/3/2017 20:00,Brooklyn Bridge,420,238,182,partly-cloudy-night,43,0,40.70816397,-73.9995087,,0.024918183,0,0,5
10/30/2017 4:00,Brooklyn Bridge,0,0,0,partly-cloudy-night,56,0.0023,40.70816397,-73.9995087,,0.024998327,0,0,5
4/8/2018 13:00,Brooklyn Bridge,1858,760,1098,partly-cloudy-day,41,0,40.70816397,-73.9995087,,0.025015789,1,1,6
5/13/2018 16:00,Brooklyn Bridge,1097,571,526,rain,53,0.1607,40.70816397,-73.9995087,Mother's Day,0.025026411,1,1,3
11/29/2017 9:00,Brooklyn Bridge,399,179,220,partly-cloudy-day,49,0,40.70816397,-73.9995087,,0.025116879,0,0,6
1/15/2018 4:00,Brooklyn Bridge,4,1,3,partly-cloudy-night,17,0,40.70816397,-73.9995087,Martin Luther King Jr. Day,0.025140123,0,0,5
12/19/2017 9:00,Brooklyn Bridge,483,231,252,partly-cloudy-day,46,0,40.70816397,-73.9995087,,0.025223302,0,0,6
5/14/2018 2:00,Brooklyn Bridge,6,5,1,cloudy,52,0.0111,40.70816397,-73.9995087,,0.025435026,0,0,2
3/25/2018 23:00,Brooklyn Bridge,43,11,32,partly-cloudy-night,38,0,40.70816397,-73.9995087,,0.02554339,0,0,5
12/28/2017 16:00,Brooklyn Bridge,2106,994,1112,clear-day,17,0.002,40.70816397,-73.9995087,,0.025663974,1,1,4
7/25/2018 14:00,Brooklyn Bridge,1485,679,806,cloudy,78,0.0228,40.70816397,-73.9995087,,0.02567152,1,1,2
5/12/2018 12:00,Brooklyn Bridge,1467,753,714,partly-cloudy-day,55,0.0106,40.70816397,-73.9995087,,0.025693607,1,1,6
11/28/2017 20:00,Brooklyn Bridge,270,200,70,clear-night,49,0,40.70816397,-73.9995087,,0.025752277,0,0,1
11/27/2017 11:00,Brooklyn Bridge,1224,582,642,clear-day,47,0,40.70816397,-73.9995087,,0.025773948,1,1,4
5/11/2018 7:00,Brooklyn Bridge,273,116,157,clear-day,61,0.0013,40.70816397,-73.9995087,,0.025920316,0,0,4
6/23/2018 18:00,Brooklyn Bridge,1680,772,908,cloudy,66,0,40.70816397,-73.9995087,,0.026032401,1,1,2
3/25/2018 0:00,Brooklyn Bridge,125,98,27,partly-cloudy-night,39,0,40.70816397,-73.9995087,,0.026114217,0,0,5
12/7/2017 6:00,Brooklyn Bridge,77,45,32,clear-night,36,0,40.70816397,-73.9995087,,0.026123594,0,0,1
10/28/2017 15:00,Brooklyn Bridge,3852,1927,1925,clear-day,68,0.0013,40.70816397,-73.9995087,,0.026131751,1,1,4
2/2/2018 10:00,Brooklyn Bridge,321,183,138,clear-day,27,0.0012,40.70816397,-73.9995087,,0.026277433,0,0,4
12/29/2017 7:00,Brooklyn Bridge,111,56,55,partly-cloudy-night,12,0,40.70816397,-73.9995087,,0.026355354,0,0,5
7/18/2018 4:00,Brooklyn Bridge,14,8,6,partly-cloudy-night,70,0,40.70816397,-73.9995087,,0.026432219,0,0,5
3/8/2018 4:00,Brooklyn Bridge,0,0,0,clear-night,33,0.0021,40.70816397,-73.9995087,,0.026714673,0,0,1
7/5/2018 0:00,Brooklyn Bridge,143,57,86,partly-cloudy-night,77,0,40.70816397,-73.9995087,,0.026751591,0,0,5
7/26/2018 18:00,Brooklyn Bridge,1932,1097,835,partly-cloudy-day,84,0.0002,40.70816397,-73.9995087,,0.026965756,1,1,6
7/17/2018 10:00,Brooklyn Bridge,793,429,364,partly-cloudy-day,83,0,40.70816397,-73.9995087,,0.027296147,1,1,6
4/30/2018 5:00,Brooklyn Bridge,43,21,22,partly-cloudy-night,46,0,40.70816397,-73.9995087,,0.027468545,0,0,5
4/5/2018 16:00,Brooklyn Bridge,2552,1048,1504,partly-cloudy-day,43,0,40.70816397,-73.9995087,,0.027599828,1,1,6
5/14/2018 0:00,Brooklyn Bridge,14,6,8,cloudy,52,0.004,40.70816397,-73.9995087,,0.027629325,0,0,2
5/10/2018 4:00,Brooklyn Bridge,10,4,6,cloudy,53,0,40.70816397,-73.9995087,,0.0276343,0,0,2
1/15/2018 5:00,Brooklyn Bridge,3,0,3,partly-cloudy-night,16,0,40.70816397,-73.9995087,Martin Luther King Jr. Day,0.027937608,0,0,5
10/28/2017 21:00,Brooklyn Bridge,393,187,206,partly-cloudy-night,62,0,40.70816397,-73.9995087,,0.028300329,0,0,5
10/6/2017 9:00,Brooklyn Bridge,660,386,274,clear-day,68,0,40.70816397,-73.9995087,,0.028317705,1,0,4
3/21/2018 11:00,Brooklyn Bridge,94,48,46,snow,31,0.017,40.70816397,-73.9995087,,0.028333432,0,0,8
6/24/2018 20:00,Brooklyn Bridge,1339,555,784,partly-cloudy-day,81,0.0038,40.70816397,-73.9995087,,0.02844837,1,1,6
10/31/2017 22:00,Brooklyn Bridge,60,36,24,clear-night,49,0,40.70816397,-73.9995087,Halloween,0.028537103,0,0,1
6/24/2018 22:00,Brooklyn Bridge,266,85,181,cloudy,72,0.0213,40.70816397,-73.9995087,,0.028602801,0,0,2
2/14/2018 16:00,Brooklyn Bridge,1173,626,547,partly-cloudy-day,51,0,40.70816397,-73.9995087,Valentine's Day,0.028732945,1,1,6
1/6/2018 0:00,Brooklyn Bridge,5,2,3,clear-night,9,0.0003,40.70816397,-73.9995087,,0.028779516,0,0,1
1/8/2018 17:00,Brooklyn Bridge,437,288,149,partly-cloudy-night,28,0.005,40.70816397,-73.9995087,,0.028900726,0,0,5
5/24/2018 1:00,Brooklyn Bridge,23,13,10,clear-night,67,0,40.70816397,-73.9995087,,0.028945843,0,0,1
1/21/2018 19:00,Brooklyn Bridge,257,115,142,partly-cloudy-night,45,0,40.70816397,-73.9995087,,0.029020515,0,0,5
5/24/2018 12:00,Brooklyn Bridge,1961,935,1026,clear-day,78,0,40.70816397,-73.9995087,,0.029059498,1,1,4
11/19/2017 20:00,Brooklyn Bridge,255,107,148,partly-cloudy-night,44,0.0001,40.70816397,-73.9995087,,0.029105291,0,0,5
4/21/2018 13:00,Brooklyn Bridge,3106,1511,1595,clear-day,55,0,40.70816397,-73.9995087,,0.029538853,1,1,4
6/11/2018 14:00,Brooklyn Bridge,2270,1009,1261,clear-day,69,0,40.70816397,-73.9995087,,0.029605959,1,1,4
12/3/2017 22:00,Brooklyn Bridge,128,63,65,clear-night,41,0,40.70816397,-73.9995087,,0.029781509,0,0,1
7/1/2018 5:00,Brooklyn Bridge,50,31,19,clear-night,76,0,40.70816397,-73.9995087,,0.029974489,0,0,1
12/23/2017 7:00,Brooklyn Bridge,39,13,26,cloudy,39,0.0205,40.70816397,-73.9995087,,0.030124434,0,0,2
12/22/2017 2:00,Brooklyn Bridge,7,6,1,clear-night,34,0,40.70816397,-73.9995087,,0.030236936,0,0,1
3/6/2018 16:00,Brooklyn Bridge,1573,762,811,clear-day,43,0,40.70816397,-73.9995087,,0.030541875,1,1,4
6/11/2018 22:00,Brooklyn Bridge,235,95,140,clear-night,60,0,40.70816397,-73.9995087,,0.030584158,0,0,1
6/13/2018 8:00,Brooklyn Bridge,327,120,207,cloudy,66,0,40.70816397,-73.9995087,,0.030644242,0,0,2
5/27/2018 11:00,Brooklyn Bridge,479,268,211,cloudy,62,0.0154,40.70816397,-73.9995087,,0.030728814,0,0,2
11/6/2017 19:00,Brooklyn Bridge,312,181,131,clear-night,56,0.0002,40.70816397,-73.9995087,,0.031051915,0,0,1
5/4/2018 9:00,Brooklyn Bridge,857,512,345,partly-cloudy-day,72,0,40.70816397,-73.9995087,,0.031452467,1,1,6
3/6/2018 7:00,Brooklyn Bridge,153,72,81,clear-day,32,0,40.70816397,-73.9995087,,0.03152578,0,0,4
1/24/2018 9:00,Brooklyn Bridge,260,108,152,partly-cloudy-day,40,0,40.70816397,-73.9995087,,0.031761709,0,0,6
6/20/2018 3:00,Brooklyn Bridge,12,3,9,clear-night,71,0,40.70816397,-73.9995087,,0.031880466,0,0,1
10/30/2017 2:00,Brooklyn Bridge,10,2,8,partly-cloudy-night,58,0.0013,40.70816397,-73.9995087,,0.032087896,0,0,5
1/31/2018 9:00,Brooklyn Bridge,169,82,87,clear-day,20,0,40.70816397,-73.9995087,,0.032392298,0,0,4
6/5/2018 23:00,Brooklyn Bridge,143,61,82,clear-night,63,0,40.70816397,-73.9995087,,0.032484377,0,0,1
2/8/2018 3:00,Brooklyn Bridge,1,0,1,partly-cloudy-night,29,0.001,40.70816397,-73.9995087,,0.032826576,0,0,5
12/27/2017 6:00,Brooklyn Bridge,61,35,26,cloudy,19,0,40.70816397,-73.9995087,,0.032843588,0,0,2
5/20/2018 2:00,Brooklyn Bridge,15,4,11,fog,58,0.0024,40.70816397,-73.9995087,,0.032867125,0,0,7
5/3/2018 13:00,Brooklyn Bridge,1713,803,910,clear-day,86,0,40.70816397,-73.9995087,,0.032888374,1,1,4
11/22/2017 10:00,Brooklyn Bridge,482,284,198,partly-cloudy-day,49,0.0245,40.70816397,-73.9995087,,0.032896618,0,0,6
2/9/2018 13:00,Brooklyn Bridge,1013,524,489,partly-cloudy-day,32,0.001,40.70816397,-73.9995087,,0.033063659,1,1,6
3/4/2018 6:00,Brooklyn Bridge,50,34,16,cloudy,39,0.0003,40.70816397,-73.9995087,,0.033088297,0,0,2
4/20/2018 11:00,Brooklyn Bridge,1776,848,928,clear-day,43,0,40.70816397,-73.9995087,,0.033179943,1,1,4
3/15/2018 23:00,Brooklyn Bridge,83,56,27,clear-night,36,0,40.70816397,-73.9995087,,0.033850637,0,0,1
1/17/2018 21:00,Brooklyn Bridge,38,21,17,partly-cloudy-night,23,0.0005,40.70816397,-73.9995087,,0.033893629,0,0,5
12/5/2017 12:00,Brooklyn Bridge,931,457,474,partly-cloudy-day,57,0.0025,40.70816397,-73.9995087,,0.033986147,1,1,6
11/17/2017 14:00,Brooklyn Bridge,1583,686,897,clear-day,47,0.0001,40.70816397,-73.9995087,,0.03401496,1,1,4
10/4/2017 1:00,Brooklyn Bridge,16,11,5,clear-night,53,0,40.70816397,-73.9995087,,0.03419487,0,0,1
7/22/2018 19:00,Brooklyn Bridge,1129,559,570,rain,74,0.0884,40.70816397,-73.9995087,,0.034367687,1,1,3
10/20/2017 4:00,Brooklyn Bridge,6,2,4,clear-night,57,0,40.70816397,-73.9995087,,0.034512202,0,0,1
6/14/2018 3:00,Brooklyn Bridge,4,3,1,partly-cloudy-night,72,0.0004,40.70816397,-73.9995087,,0.034547522,0,0,5
11/13/2017 9:00,Brooklyn Bridge,197,104,93,partly-cloudy-day,41,0.0146,40.70816397,-73.9995087,,0.034568017,0,0,6
5/24/2018 21:00,Brooklyn Bridge,765,260,505,clear-night,72,0,40.70816397,-73.9995087,,0.034577598,0,1,1
5/2/2018 5:00,Brooklyn Bridge,65,43,22,clear-night,61,0,40.70816397,-73.9995087,,0.034661638,0,0,1
1/13/2018 10:00,Brooklyn Bridge,687,406,281,partly-cloudy-day,29,0,40.70816397,-73.9995087,,0.034687754,1,0,6
7/8/2018 12:00,Brooklyn Bridge,2430,1197,1233,clear-day,78,0,40.70816397,-73.9995087,,0.034808029,1,1,4
5/11/2018 1:00,Brooklyn Bridge,12,6,6,clear-night,59,0.0003,40.70816397,-73.9995087,,0.034839883,0,0,1
6/16/2018 18:00,Brooklyn Bridge,2231,1056,1175,partly-cloudy-day,81,0.0009,40.70816397,-73.9995087,,0.035528393,1,1,6
7/30/2018 0:00,Brooklyn Bridge,128,42,86,clear-night,73,0,40.70816397,-73.9995087,,0.035610215,0,0,1
10/10/2017 21:00,Brooklyn Bridge,308,141,167,clear-night,70,0,40.70816397,-73.9995087,,0.035649414,0,0,1
12/12/2017 22:00,Brooklyn Bridge,84,65,19,partly-cloudy-night,33,0,40.70816397,-73.9995087,,0.035684057,0,0,5
1/17/2018 20:00,Brooklyn Bridge,59,38,21,clear-night,25,0.0027,40.70816397,-73.9995087,,0.035696371,0,0,1
6/18/2018 19:00,Brooklyn Bridge,1336,759,577,partly-cloudy-day,87,0,40.70816397,-73.9995087,,0.03576573,1,1,6
2/14/2018 23:00,Brooklyn Bridge,109,102,7,partly-cloudy-night,46,0.0046,40.70816397,-73.9995087,Valentine's Day,0.035933531,0,0,5
3/19/2018 6:00,Brooklyn Bridge,55,31,24,clear-night,31,0,40.70816397,-73.9995087,,0.036337812,0,0,1
12/28/2017 9:00,Brooklyn Bridge,422,247,175,clear-day,13,0.0001,40.70816397,-73.9995087,,0.036544898,0,0,4
4/25/2018 10:00,Brooklyn Bridge,252,128,124,rain,55,0.0364,40.70816397,-73.9995087,,0.036621188,0,0,3
3/14/2018 3:00,Brooklyn Bridge,0,0,0,clear-night,32,0,40.70816397,-73.9995087,,0.036624778,0,0,1
11/4/2017 14:00,Brooklyn Bridge,2991,1529,1462,partly-cloudy-day,54,0,40.70816397,-73.9995087,,0.03678667,1,1,6
12/31/2017 10:00,Brooklyn Bridge,988,536,452,clear-day,14,0,40.70816397,-73.9995087,New Year's Eve,0.036794749,1,1,4
3/11/2018 7:00,Brooklyn Bridge,146,77,69,clear-night,31,0,40.70816397,-73.9995087,Daylight Saving Time starts,0.036829419,0,0,1
4/7/2018 21:00,Brooklyn Bridge,236,112,124,partly-cloudy-night,42,0,40.70816397,-73.9995087,,0.036851947,0,0,5
2/14/2018 15:00,Brooklyn Bridge,1112,532,580,partly-cloudy-day,50,0,40.70816397,-73.9995087,Valentine's Day,0.036955854,1,1,6
11/28/2017 21:00,Brooklyn Bridge,147,96,51,clear-night,49,0,40.70816397,-73.9995087,,0.036973075,0,0,1
5/12/2018 18:00,Brooklyn Bridge,817,350,467,cloudy,56,0.0031,40.70816397,-73.9995087,,0.037076418,1,1,2
6/10/2018 1:00,Brooklyn Bridge,91,44,47,partly-cloudy-night,70,0,40.70816397,-73.9995087,,0.03722035,0,0,5
2/28/2018 13:00,Brooklyn Bridge,1089,551,538,clear-day,54,0.0055,40.70816397,-73.9995087,,0.037407625,1,1,4
2/21/2018 19:00,Brooklyn Bridge,783,428,355,clear-night,70,0.0001,40.70816397,-73.9995087,,0.03746442,1,1,1
4/19/2018 22:00,Brooklyn Bridge,132,99,33,clear-night,40,0,40.70816397,-73.9995087,,0.037770235,0,0,1
4/4/2018 10:00,Brooklyn Bridge,739,440,299,fog,47,0,40.70816397,-73.9995087,,0.03804418,1,0,7
11/23/2017 21:00,Brooklyn Bridge,105,52,53,clear-night,35,0,40.70816397,-73.9995087,Thanksgiving Day,0.038125037,0,0,1
4/20/2018 22:00,Brooklyn Bridge,182,73,109,clear-night,42,0,40.70816397,-73.9995087,,0.038138015,0,0,1
6/29/2018 12:00,Brooklyn Bridge,1744,811,933,partly-cloudy-day,84,0.0039,40.70816397,-73.9995087,,0.038227432,1,1,6
5/14/2018 21:00,Brooklyn Bridge,515,170,345,clear-night,60,0,40.70816397,-73.9995087,,0.038251244,0,1,1
12/12/2017 15:00,Brooklyn Bridge,915,431,484,partly-cloudy-day,44,0.0012,40.70816397,-73.9995087,,0.038319874,1,1,6
12/26/2017 2:00,Brooklyn Bridge,3,1,2,clear-night,26,0,40.70816397,-73.9995087,,0.03838835,0,0,1
10/31/2017 6:00,Brooklyn Bridge,76,42,34,clear-night,48,0,40.70816397,-73.9995087,Halloween,0.038411852,0,0,1
11/1/2017 15:00,Brooklyn Bridge,1870,931,939,partly-cloudy-day,55,0,40.70816397,-73.9995087,,0.038518285,1,1,6
1/30/2018 1:00,Brooklyn Bridge,0,0,0,partly-cloudy-night,32,0.0014,40.70816397,-73.9995087,,0.038598934,0,0,5
3/13/2018 11:00,Brooklyn Bridge,315,153,162,partly-cloudy-day,35,0.0059,40.70816397,-73.9995087,,0.038833289,0,0,6
5/13/2018 20:00,Brooklyn Bridge,496,282,214,cloudy,53,0.0006,40.70816397,-73.9995087,Mother's Day,0.038928442,0,0,2
6/9/2018 1:00,Brooklyn Bridge,71,46,25,clear-night,70,0,40.70816397,-73.9995087,,0.039074733,0,0,1
1/11/2018 20:00,Brooklyn Bridge,148,92,56,clear-night,44,0.0002,40.70816397,-73.9995087,,0.039152017,0,0,1
10/24/2017 12:00,Brooklyn Bridge,1975,785,1190,partly-cloudy-day,73,0,40.70816397,-73.9995087,,0.039370805,1,1,6
3/20/2018 19:00,Brooklyn Bridge,216,109,107,partly-cloudy-day,37,0.0012,40.70816397,-73.9995087,,0.039658517,0,0,6
2/10/2018 9:00,Brooklyn Bridge,549,299,250,partly-cloudy-day,40,0.0007,40.70816397,-73.9995087,,0.039689661,0,0,6
1/30/2018 9:00,Brooklyn Bridge,168,87,81,partly-cloudy-day,31,0.0017,40.70816397,-73.9995087,,0.039794139,0,0,6
3/16/2018 12:00,Brooklyn Bridge,1352,673,679,partly-cloudy-day,38,0,40.70816397,-73.9995087,,0.039822253,1,1,6
2/5/2018 0:00,Brooklyn Bridge,0,0,0,partly-cloudy-night,39,0.0099,40.70816397,-73.9995087,,0.039893633,0,0,5
5/17/2018 4:00,Brooklyn Bridge,2,0,2,cloudy,55,0.0047,40.70816397,-73.9995087,,0.039911147,0,0,2
12/11/2017 4:00,Brooklyn Bridge,6,4,2,partly-cloudy-night,34,0,40.70816397,-73.9995087,,0.039990893,0,0,5
4/25/2018 0:00,Brooklyn Bridge,13,10,3,partly-cloudy-night,53,0.0148,40.70816397,-73.9995087,,0.040057031,0,0,5
10/28/2017 1:00,Brooklyn Bridge,23,14,9,clear-night,51,0,40.70816397,-73.9995087,,0.040193583,0,0,1
12/30/2017 17:00,Brooklyn Bridge,655,337,318,partly-cloudy-night,21,0,40.70816397,-73.9995087,,0.040208349,1,0,5
1/12/2018 8:00,Brooklyn Bridge,116,41,75,cloudy,55,0.0042,40.70816397,-73.9995087,,0.040340463,0,0,2
10/16/2017 4:00,Brooklyn Bridge,3,2,1,partly-cloudy-night,64,0,40.70816397,-73.9995087,,0.040465315,0,0,5
1/15/2018 7:00,Brooklyn Bridge,56,22,34,partly-cloudy-night,18,0,40.70816397,-73.9995087,Martin Luther King Jr. Day,0.040518812,0,0,5
3/16/2018 21:00,Brooklyn Bridge,238,164,74,clear-night,33,0,40.70816397,-73.9995087,,0.040739357,0,0,1
2/15/2018 3:00,Brooklyn Bridge,4,3,1,partly-cloudy-night,44,0.0104,40.70816397,-73.9995087,,0.040741035,0,0,5
6/28/2018 21:00,Brooklyn Bridge,689,319,370,partly-cloudy-night,75,0.0038,40.70816397,-73.9995087,,0.040823203,0,1,5
10/30/2017 21:00,Brooklyn Bridge,166,75,91,clear-night,51,0,40.70816397,-73.9995087,,0.040836304,0,0,1
5/21/2018 15:00,Brooklyn Bridge,2433,1187,1246,clear-day,73,0,40.70816397,-73.9995087,,0.041021751,1,1,4
6/26/2018 22:00,Brooklyn Bridge,429,155,274,clear-night,69,0,40.70816397,-73.9995087,,0.041073976,0,0,1
4/6/2018 16:00,Brooklyn Bridge,1718,745,973,clear-day,56,0,40.70816397,-73.9995087,,0.041095683,1,1,4
5/4/2018 20:00,Brooklyn Bridge,938,394,544,partly-cloudy-night,80,0,40.70816397,-73.9995087,,0.041154671,1,1,5
2/5/2018 10:00,Brooklyn Bridge,671,313,358,clear-day,31,0.0006,40.70816397,-73.9995087,,0.041307472,0,1,4
4/18/2018 2:00,Brooklyn Bridge,6,4,2,partly-cloudy-night,38,0.0003,40.70816397,-73.9995087,,0.04136253,0,0,5
11/21/2017 9:00,Brooklyn Bridge,535,280,255,clear-day,46,0.0004,40.70816397,-73.9995087,,0.041404097,0,0,4
6/19/2018 12:00,Brooklyn Bridge,1317,576,741,partly-cloudy-day,83,0,40.70816397,-73.9995087,,0.041415825,1,1,6
6/24/2018 2:00,Brooklyn Bridge,35,15,20,cloudy,65,0,40.70816397,-73.9995087,,0.041443268,0,0,2
5/11/2018 20:00,Brooklyn Bridge,1153,484,669,clear-night,68,0,40.70816397,-73.9995087,,0.041689847,1,1,1
7/18/2018 11:00,Brooklyn Bridge,1671,810,861,clear-day,78,0,40.70816397,-73.9995087,,0.041718496,1,1,4
7/3/2018 11:00,Brooklyn Bridge,1336,684,652,clear-day,87,0,40.70816397,-73.9995087,,0.04186895,1,1,4
2/15/2018 10:00,Brooklyn Bridge,628,363,265,partly-cloudy-day,46,0,40.70816397,-73.9995087,,0.04218934,1,0,6
7/20/2018 12:00,Brooklyn Bridge,2230,1091,1139,partly-cloudy-day,78,0,40.70816397,-73.9995087,,0.042276908,1,1,6
10/26/2017 8:00,Brooklyn Bridge,508,208,300,partly-cloudy-day,52,0,40.70816397,-73.9995087,,0.042420769,0,0,6
5/12/2018 22:00,Brooklyn Bridge,85,57,28,cloudy,54,0.0008,40.70816397,-73.9995087,,0.042431575,0,0,2
7/17/2018 1:00,Brooklyn Bridge,38,19,19,clear-night,79,0,40.70816397,-73.9995087,,0.042468291,0,0,1
10/12/2017 15:00,Brooklyn Bridge,1530,786,744,partly-cloudy-day,63,0,40.70816397,-73.9995087,,0.042498014,1,1,6
11/13/2017 8:00,Brooklyn Bridge,120,51,69,partly-cloudy-day,42,0.0083,40.70816397,-73.9995087,,0.042657714,0,0,6
4/26/2018 5:00,Brooklyn Bridge,32,20,12,partly-cloudy-night,56,0,40.70816397,-73.9995087,,0.043123945,0,0,5
3/26/2018 22:00,Brooklyn Bridge,120,53,67,clear-night,38,0,40.70816397,-73.9995087,,0.043248511,0,0,1
2/2/2018 12:00,Brooklyn Bridge,635,307,328,partly-cloudy-day,26,0,40.70816397,-73.9995087,,0.044346791,0,0,6
11/12/2017 10:00,Brooklyn Bridge,1160,649,511,clear-day,38,0.0003,40.70816397,-73.9995087,,0.044351407,1,1,4
12/1/2017 10:00,Brooklyn Bridge,1053,565,488,clear-day,49,0.0002,40.70816397,-73.9995087,,0.04437297,1,1,4
4/28/2018 10:00,Brooklyn Bridge,2157,1336,821,partly-cloudy-day,53,0,40.70816397,-73.9995087,,0.044484175,1,1,6
10/15/2017 8:00,Brooklyn Bridge,399,205,194,partly-cloudy-day,65,0,40.70816397,-73.9995087,,0.044700164,0,0,6
3/8/2018 0:00,Brooklyn Bridge,1,0,1,partly-cloudy-night,34,0.0037,40.70816397,-73.9995087,,0.044837804,0,0,5
5/31/2018 4:00,Brooklyn Bridge,11,9,2,partly-cloudy-night,63,0,40.70816397,-73.9995087,,0.044877678,0,0,5
4/18/2018 10:00,Brooklyn Bridge,1060,561,499,partly-cloudy-day,43,0.0003,40.70816397,-73.9995087,,0.04500814,1,1,6
6/12/2018 8:00,Brooklyn Bridge,516,145,371,clear-day,61,0,40.70816397,-73.9995087,,0.045046972,0,1,4
12/1/2017 20:00,Brooklyn Bridge,189,94,95,clear-night,43,0,40.70816397,-73.9995087,,0.045188146,0,0,1
7/21/2018 4:00,Brooklyn Bridge,13,6,7,partly-cloudy-night,68,0,40.70816397,-73.9995087,,0.045237401,0,0,5
2/6/2018 4:00,Brooklyn Bridge,2,0,2,clear-night,26,0,40.70816397,-73.9995087,,0.045242607,0,0,1
2/6/2018 1:00,Brooklyn Bridge,6,0,6,clear-night,25,0,40.70816397,-73.9995087,,0.045508718,0,0,1
7/20/2018 11:00,Brooklyn Bridge,1952,979,973,partly-cloudy-day,78,0,40.70816397,-73.9995087,,0.045661258,1,1,6
4/24/2018 22:00,Brooklyn Bridge,39,27,12,partly-cloudy-night,54,0,40.70816397,-73.9995087,,0.045697649,0,0,5
6/17/2018 3:00,Brooklyn Bridge,16,11,5,clear-night,66,0,40.70816397,-73.9995087,Father's Day,0.045974974,0,0,1
1/19/2018 15:00,Brooklyn Bridge,979,450,529,clear-day,36,0.0023,40.70816397,-73.9995087,,0.046245183,1,1,4
6/10/2018 10:00,Brooklyn Bridge,1126,665,461,partly-cloudy-day,67,0,40.70816397,-73.9995087,,0.046282808,1,1,6
3/12/2018 7:00,Brooklyn Bridge,123,58,65,clear-night,31,0,40.70816397,-73.9995087,,0.046372993,0,0,1
1/28/2018 21:00,Brooklyn Bridge,138,63,75,partly-cloudy-night,45,0,40.70816397,-73.9995087,,0.046639734,0,0,5
10/19/2017 15:00,Brooklyn Bridge,1976,1025,951,clear-day,70,0,40.70816397,-73.9995087,,0.046677296,1,1,4
12/2/2017 2:00,Brooklyn Bridge,15,9,6,clear-night,36,0,40.70816397,-73.9995087,,0.046803916,0,0,1
2/3/2018 4:00,Brooklyn Bridge,0,0,0,clear-night,16,0,40.70816397,-73.9995087,,0.046843846,0,0,1
7/11/2018 0:00,Brooklyn Bridge,53,26,27,partly-cloudy-night,81,0,40.70816397,-73.9995087,,0.047021411,0,0,5
3/18/2018 22:00,Brooklyn Bridge,123,73,50,clear-night,38,0,40.70816397,-73.9995087,,0.047036348,0,0,1
1/2/2018 22:00,Brooklyn Bridge,56,30,26,clear-night,18,0,40.70816397,-73.9995087,,0.047162298,0,0,1
6/23/2018 22:00,Brooklyn Bridge,477,216,261,cloudy,65,0,40.70816397,-73.9995087,,0.047181962,0,0,2
3/8/2018 2:00,Brooklyn Bridge,2,0,2,partly-cloudy-night,34,0.0027,40.70816397,-73.9995087,,0.047239992,0,0,5
7/1/2018 19:00,Brooklyn Bridge,1547,850,697,clear-day,90,0,40.70816397,-73.9995087,,0.047283033,1,1,4
4/3/2018 3:00,Brooklyn Bridge,6,2,4,clear-night,36,0,40.70816397,-73.9995087,,0.048041023,0,0,1
10/7/2017 17:00,Brooklyn Bridge,3373,1796,1577,clear-day,76,0,40.70816397,-73.9995087,,0.048044751,1,1,4
12/31/2017 6:00,Brooklyn Bridge,7,5,2,clear-night,16,0,40.70816397,-73.9995087,New Year's Eve,0.048172822,0,0,1
2/23/2018 1:00,Brooklyn Bridge,10,5,5,cloudy,37,0,40.70816397,-73.9995087,,0.048508328,0,0,2
6/21/2018 10:00,Brooklyn Bridge,958,631,327,partly-cloudy-day,71,0.0037,40.70816397,-73.9995087,,0.048745103,1,0,6
10/18/2017 12:00,Brooklyn Bridge,1652,936,716,clear-day,65,0,40.70816397,-73.9995087,,0.048925552,1,1,4
7/3/2018 9:00,Brooklyn Bridge,610,348,262,clear-day,82,0.0003,40.70816397,-73.9995087,,0.049096064,1,0,4
2/25/2018 1:00,Brooklyn Bridge,10,4,6,partly-cloudy-night,43,0,40.70816397,-73.9995087,,0.049198133,0,0,5
3/17/2018 15:00,Brooklyn Bridge,2300,1028,1272,clear-day,46,0,40.70816397,-73.9995087,St. Patrick's Day,0.049307022,1,1,4
10/27/2017 3:00,Brooklyn Bridge,13,8,5,clear-night,46,0,40.70816397,-73.9995087,,0.049309955,0,0,1
5/1/2018 17:00,Brooklyn Bridge,2144,1109,1035,clear-day,78,0.001,40.70816397,-73.9995087,,0.049751968,1,1,4
10/20/2017 10:00,Brooklyn Bridge,1412,892,520,clear-day,63,0,40.70816397,-73.9995087,,0.049960076,1,1,4
10/1/2017 13:00,Brooklyn Bridge,2616,1447,1169,clear-day,64,0,40.70816397,-73.9995087,,0.050032525,1,1,4
4/21/2018 8:00,Brooklyn Bridge,308,172,136,clear-day,41,0,40.70816397,-73.9995087,,0.050094374,0,0,4
2/4/2018 2:00,Brooklyn Bridge,6,3,3,cloudy,29,0,40.70816397,-73.9995087,,0.050348014,0,0,2
10/16/2017 5:00,Brooklyn Bridge,18,12,6,partly-cloudy-night,61,0,40.70816397,-73.9995087,,0.050462696,0,0,5
5/13/2018 4:00,Brooklyn Bridge,4,2,2,cloudy,52,0,40.70816397,-73.9995087,Mother's Day,0.050679979,0,0,2
1/10/2018 15:00,Brooklyn Bridge,1005,470,535,clear-day,39,0.0099,40.70816397,-73.9995087,,0.050707131,1,1,4
12/31/2017 15:00,Brooklyn Bridge,1724,915,809,partly-cloudy-day,14,0,40.70816397,-73.9995087,New Year's Eve,0.050774521,1,1,6
1/31/2018 19:00,Brooklyn Bridge,297,216,81,clear-night,30,0,40.70816397,-73.9995087,,0.050849144,0,0,1
12/19/2017 22:00,Brooklyn Bridge,217,152,65,clear-night,49,0,40.70816397,-73.9995087,,0.050863354,0,0,1
6/11/2018 10:00,Brooklyn Bridge,1182,611,571,clear-day,64,0,40.70816397,-73.9995087,,0.051133344,1,1,4
2/3/2018 16:00,Brooklyn Bridge,1546,700,846,clear-day,30,0,40.70816397,-73.9995087,,0.051509936,1,1,4
3/16/2018 20:00,Brooklyn Bridge,267,125,142,clear-night,34,0,40.70816397,-73.9995087,,0.051834403,0,0,1
3/16/2018 2:00,Brooklyn Bridge,1,0,1,clear-night,35,0,40.70816397,-73.9995087,,0.051889766,0,0,1
3/9/2018 17:00,Brooklyn Bridge,1082,573,509,clear-day,41,0.0088,40.70816397,-73.9995087,,0.051940579,1,1,4
12/7/2017 22:00,Brooklyn Bridge,178,131,47,partly-cloudy-night,39,0,40.70816397,-73.9995087,,0.052313192,0,0,5
6/8/2018 8:00,Brooklyn Bridge,462,171,291,clear-day,63,0.0002,40.70816397,-73.9995087,,0.052419546,0,0,4
6/28/2018 7:00,Brooklyn Bridge,33,14,19,rain,70,0.0783,40.70816397,-73.9995087,,0.052526855,0,0,3
3/21/2018 20:00,Brooklyn Bridge,37,17,20,snow,32,0.0168,40.70816397,-73.9995087,,0.052775367,0,0,8
3/31/2018 18:00,Brooklyn Bridge,2969,1373,1596,clear-day,49,0,40.70816397,-73.9995087,,0.052859514,1,1,4
10/6/2017 15:00,Brooklyn Bridge,2140,1136,1004,clear-day,80,0,40.70816397,-73.9995087,,0.053351671,1,1,4
3/2/2018 3:00,Brooklyn Bridge,3,1,2,rain,42,0.3027,40.70816397,-73.9995087,,0.05336136,0,0,3
5/25/2018 6:00,Brooklyn Bridge,169,77,92,clear-day,61,0,40.70816397,-73.9995087,,0.053550397,0,0,4
4/26/2018 8:00,Brooklyn Bridge,510,171,339,partly-cloudy-day,56,0,40.70816397,-73.9995087,,0.053558618,0,1,6
5/16/2018 2:00,Brooklyn Bridge,11,6,5,partly-cloudy-night,63,0,40.70816397,-73.9995087,,0.053609105,0,0,5
4/6/2018 12:00,Brooklyn Bridge,1110,573,537,partly-cloudy-day,43,0.0043,40.70816397,-73.9995087,,0.053611825,1,1,6
3/12/2018 16:00,Brooklyn Bridge,1295,636,659,partly-cloudy-day,41,0.0002,40.70816397,-73.9995087,,0.053632326,1,1,6
11/28/2017 5:00,Brooklyn Bridge,17,9,8,clear-night,34,0,40.70816397,-73.9995087,,0.053759195,0,0,1
6/4/2018 14:00,Brooklyn Bridge,1825,850,975,partly-cloudy-day,66,0,40.70816397,-73.9995087,,0.05379277,1,1,6
6/7/2018 1:00,Brooklyn Bridge,15,9,6,cloudy,60,0,40.70816397,-73.9995087,,0.054075127,0,0,2
10/27/2017 13:00,Brooklyn Bridge,2753,1372,1381,clear-day,60,0,40.70816397,-73.9995087,,0.05408038,1,1,4
10/13/2017 13:00,Brooklyn Bridge,2016,983,1033,partly-cloudy-day,63,0,40.70816397,-73.9995087,,0.054144382,1,1,6
12/23/2017 14:00,Brooklyn Bridge,755,446,309,rain,45,0.0438,40.70816397,-73.9995087,,0.054198719,1,0,3
11/15/2017 21:00,Brooklyn Bridge,200,154,46,partly-cloudy-night,47,0.0001,40.70816397,-73.9995087,,0.054432986,0,0,5
5/17/2018 5:00,Brooklyn Bridge,15,6,9,cloudy,56,0.0158,40.70816397,-73.9995087,,0.054564872,0,0,2
10/19/2017 8:00,Brooklyn Bridge,402,129,273,clear-day,55,0,40.70816397,-73.9995087,,0.054589825,0,0,4
11/30/2017 22:00,Brooklyn Bridge,172,132,40,partly-cloudy-night,48,0.0014,40.70816397,-73.9995087,,0.054689043,0,0,5
6/16/2018 1:00,Brooklyn Bridge,84,50,34,clear-night,64,0,40.70816397,-73.9995087,,0.054754448,0,0,1
5/13/2018 9:00,Brooklyn Bridge,587,355,232,partly-cloudy-day,52,0,40.70816397,-73.9995087,Mother's Day,0.054941044,1,0,6
7/17/2018 19:00,Brooklyn Bridge,605,406,199,partly-cloudy-day,72,0.0168,40.70816397,-73.9995087,,0.055206732,1,0,6
11/6/2017 21:00,Brooklyn Bridge,100,51,49,partly-cloudy-night,52,0.0001,40.70816397,-73.9995087,,0.055284671,0,0,5
5/6/2018 2:00,Brooklyn Bridge,30,18,12,partly-cloudy-night,61,0,40.70816397,-73.9995087,,0.055509773,0,0,5
12/7/2017 16:00,Brooklyn Bridge,1579,736,843,clear-day,43,0,40.70816397,-73.9995087,,0.05553647,1,1,4
2/15/2018 12:00,Brooklyn Bridge,1100,501,599,partly-cloudy-day,50,0,40.70816397,-73.9995087,,0.055554235,1,1,6
7/31/2018 18:00,Brooklyn Bridge,2146,1165,981,partly-cloudy-day,76,0,40.70816397,-73.9995087,,0.055615355,1,1,6
3/22/2018 0:00,Brooklyn Bridge,5,1,4,snow,32,0.0205,40.70816397,-73.9995087,,0.055750823,0,0,8
7/15/2018 4:00,Brooklyn Bridge,4,2,2,rain,72,0.0619,40.70816397,-73.9995087,,0.05578547,0,0,3
7/2/2018 6:00,Brooklyn Bridge,147,72,75,clear-day,75,0,40.70816397,-73.9995087,,0.055813381,0,0,4
4/20/2018 18:00,Brooklyn Bridge,1642,794,848,clear-day,47,0,40.70816397,-73.9995087,,0.055936849,1,1,4
7/27/2018 7:00,Brooklyn Bridge,222,100,122,clear-day,73,0,40.70816397,-73.9995087,,0.056266155,0,0,4
10/10/2017 22:00,Brooklyn Bridge,141,65,76,clear-night,68,0,40.70816397,-73.9995087,,0.056283925,0,0,1
2/15/2018 4:00,Brooklyn Bridge,5,2,3,partly-cloudy-night,44,0.0054,40.70816397,-73.9995087,,0.056305022,0,0,5
1/24/2018 23:00,Brooklyn Bridge,66,64,2,clear-night,28,0,40.70816397,-73.9995087,,0.056530973,0,0,1
10/29/2017 5:00,Brooklyn Bridge,1,0,1,partly-cloudy-night,60,0.0061,40.70816397,-73.9995087,,0.056538257,0,0,5
4/7/2018 13:00,Brooklyn Bridge,2054,953,1101,partly-cloudy-day,41,0.0007,40.70816397,-73.9995087,,0.056573164,1,1,6
6/27/2018 18:00,Brooklyn Bridge,1531,789,742,cloudy,71,0,40.70816397,-73.9995087,,0.056648747,1,1,2
10/15/2017 0:00,Brooklyn Bridge,168,82,86,partly-cloudy-night,66,0,40.70816397,-73.9995087,,0.056696389,0,0,5
5/31/2018 5:00,Brooklyn Bridge,44,24,20,partly-cloudy-night,63,0,40.70816397,-73.9995087,,0.056710984,0,0,5
6/28/2018 15:00,Brooklyn Bridge,1396,686,710,partly-cloudy-day,79,0.0043,40.70816397,-73.9995087,,0.056956367,1,1,6
12/5/2017 10:00,Brooklyn Bridge,540,274,266,partly-cloudy-day,54,0.0001,40.70816397,-73.9995087,,0.057094483,0,0,6
4/19/2018 20:00,Brooklyn Bridge,291,146,145,partly-cloudy-night,43,0,40.70816397,-73.9995087,,0.057194689,0,0,5
11/28/2017 1:00,Brooklyn Bridge,9,7,2,clear-night,36,0,40.70816397,-73.9995087,,0.05728228,0,0,1
10/22/2017 23:00,Brooklyn Bridge,105,54,51,clear-night,58,0,40.70816397,-73.9995087,,0.057506138,0,0,1
12/2/2017 13:00,Brooklyn Bridge,2649,1152,1497,clear-day,47,0,40.70816397,-73.9995087,,0.057825563,1,1,4
7/8/2018 11:00,Brooklyn Bridge,2236,1215,1021,clear-day,76,0,40.70816397,-73.9995087,,0.057888101,1,1,4
6/8/2018 3:00,Brooklyn Bridge,8,5,3,clear-night,59,0,40.70816397,-73.9995087,,0.057979161,0,0,1
1/24/2018 21:00,Brooklyn Bridge,66,43,23,clear-night,30,0,40.70816397,-73.9995087,,0.0581963,0,0,1
5/22/2018 5:00,Brooklyn Bridge,53,31,22,clear-night,59,0,40.70816397,-73.9995087,,0.058207481,0,0,1
1/15/2018 18:00,Brooklyn Bridge,261,121,140,clear-night,27,0,40.70816397,-73.9995087,Martin Luther King Jr. Day,0.058250604,0,0,1
11/16/2017 4:00,Brooklyn Bridge,6,4,2,partly-cloudy-night,51,0.003,40.70816397,-73.9995087,,0.058338558,0,0,5
12/7/2017 15:00,Brooklyn Bridge,1599,759,840,clear-day,44,0,40.70816397,-73.9995087,,0.058449146,1,1,4
7/6/2018 17:00,Brooklyn Bridge,2104,1087,1017,partly-cloudy-day,80,0,40.70816397,-73.9995087,,0.058473213,1,1,6
4/19/2018 10:00,Brooklyn Bridge,461,259,202,partly-cloudy-day,43,0.0007,40.70816397,-73.9995087,,0.058519014,0,0,6
11/2/2017 6:00,Brooklyn Bridge,62,38,24,partly-cloudy-night,60,0,40.70816397,-73.9995087,,0.058542224,0,0,5
7/24/2018 14:00,Brooklyn Bridge,2226,969,1257,partly-cloudy-day,82,0,40.70816397,-73.9995087,,0.058686112,1,1,6
2/9/2018 11:00,Brooklyn Bridge,906,427,479,partly-cloudy-day,31,0,40.70816397,-73.9995087,,0.058799948,1,1,6
5/4/2018 22:00,Brooklyn Bridge,364,141,223,clear-night,79,0,40.70816397,-73.9995087,,0.058924159,0,0,1
6/28/2018 9:00,Brooklyn Bridge,175,80,95,rain,71,0.0402,40.70816397,-73.9995087,,0.058989409,0,0,3
7/24/2018 15:00,Brooklyn Bridge,2130,1005,1125,partly-cloudy-day,81,0,40.70816397,-73.9995087,,0.059367128,1,1,6
11/21/2017 0:00,Brooklyn Bridge,105,92,13,clear-night,40,0,40.70816397,-73.9995087,,0.059466789,0,0,1
2/2/2018 15:00,Brooklyn Bridge,729,369,360,partly-cloudy-day,25,0,40.70816397,-73.9995087,,0.059707788,1,1,6
11/20/2017 10:00,Brooklyn Bridge,1025,583,442,partly-cloudy-day,40,0.0012,40.70816397,-73.9995087,,0.059860943,1,1,6
1/19/2018 19:00,Brooklyn Bridge,176,105,71,clear-night,34,0,40.70816397,-73.9995087,,0.059869922,0,0,1
4/21/2018 15:00,Brooklyn Bridge,3278,1532,1746,clear-day,58,0,40.70816397,-73.9995087,,0.059936711,1,1,4
4/27/2018 11:00,Brooklyn Bridge,719,297,422,partly-cloudy-day,53,0.0073,40.70816397,-73.9995087,,0.059975328,0,1,6
1/3/2018 22:00,Brooklyn Bridge,116,63,53,partly-cloudy-night,26,0.0001,40.70816397,-73.9995087,,0.06007258,0,0,5
10/22/2017 22:00,Brooklyn Bridge,148,75,73,clear-night,58,0,40.70816397,-73.9995087,,0.060487441,0,0,1
7/11/2018 17:00,Brooklyn Bridge,1807,1024,783,partly-cloudy-day,81,0,40.70816397,-73.9995087,,0.060596675,1,1,6
6/1/2018 3:00,Brooklyn Bridge,12,7,5,fog,64,0.001,40.70816397,-73.9995087,,0.060729586,0,0,7
12/9/2017 2:00,Brooklyn Bridge,7,4,3,partly-cloudy-night,34,0,40.70816397,-73.9995087,,0.060790566,0,0,5
4/17/2018 4:00,Brooklyn Bridge,2,0,2,partly-cloudy-night,43,0.0007,40.70816397,-73.9995087,Tax Day,0.060953122,0,0,5
2/13/2018 11:00,Brooklyn Bridge,993,482,511,clear-day,31,0,40.70816397,-73.9995087,,0.060967312,1,1,4
12/15/2017 10:00,Brooklyn Bridge,490,233,257,snow,24,0.0162,40.70816397,-73.9995087,,0.061039275,0,0,8
12/31/2017 8:00,Brooklyn Bridge,103,67,36,clear-day,13,0,40.70816397,-73.9995087,New Year's Eve,0.061157222,0,0,4
3/8/2018 12:00,Brooklyn Bridge,1049,463,586,partly-cloudy-day,38,0.0221,40.70816397,-73.9995087,,0.061174015,1,1,6
1/5/2018 16:00,Brooklyn Bridge,754,352,402,clear-day,15,0.0005,40.70816397,-73.9995087,,0.06135387,1,1,4
4/14/2018 8:00,Brooklyn Bridge,386,190,196,clear-day,62,0,40.70816397,-73.9995087,,0.061611655,0,0,4
11/11/2017 6:00,Brooklyn Bridge,27,14,13,clear-night,24,0,40.70816397,-73.9995087,Veterans Day,0.061928669,0,0,1
4/20/2018 14:00,Brooklyn Bridge,2310,1045,1265,clear-day,49,0,40.70816397,-73.9995087,,0.061999878,1,1,4
1/12/2018 20:00,Brooklyn Bridge,69,51,18,partly-cloudy-night,56,0.024,40.70816397,-73.9995087,,0.062150636,0,0,5
5/25/2018 3:00,Brooklyn Bridge,15,6,9,clear-night,64,0,40.70816397,-73.9995087,,0.062179555,0,0,1
4/28/2018 17:00,Brooklyn Bridge,3350,1313,2037,clear-day,62,0.0012,40.70816397,-73.9995087,,0.062583732,1,1,4
5/21/2018 9:00,Brooklyn Bridge,991,534,457,clear-day,64,0,40.70816397,-73.9995087,,0.062717054,1,1,4
11/26/2017 11:00,Brooklyn Bridge,1444,722,722,partly-cloudy-day,45,0,40.70816397,-73.9995087,,0.062950653,1,1,6
1/30/2018 20:00,Brooklyn Bridge,132,105,27,partly-cloudy-night,27,0,40.70816397,-73.9995087,,0.062980951,0,0,5
12/1/2017 5:00,Brooklyn Bridge,23,15,8,clear-night,44,0.0003,40.70816397,-73.9995087,,0.063007604,0,0,1
10/29/2017 2:00,Brooklyn Bridge,25,11,14,partly-cloudy-night,63,0,40.70816397,-73.9995087,,0.063088711,0,0,5
7/10/2018 7:00,Brooklyn Bridge,291,124,167,clear-day,70,0,40.70816397,-73.9995087,,0.063119273,0,0,4
12/16/2017 15:00,Brooklyn Bridge,1741,868,873,partly-cloudy-day,36,0.0053,40.70816397,-73.9995087,,0.063182576,1,1,6
7/5/2018 23:00,Brooklyn Bridge,217,74,143,clear-night,80,0,40.70816397,-73.9995087,,0.063350192,0,0,1
7/29/2018 22:00,Brooklyn Bridge,599,239,360,partly-cloudy-night,75,0,40.70816397,-73.9995087,,0.063749352,0,1,5
6/24/2018 14:00,Brooklyn Bridge,2386,1148,1238,partly-cloudy-day,79,0,40.70816397,-73.9995087,,0.06407484,1,1,6
3/28/2018 21:00,Brooklyn Bridge,292,140,152,partly-cloudy-night,46,0,40.70816397,-73.9995087,,0.064100062,0,0,5
6/9/2018 9:00,Brooklyn Bridge,742,417,325,clear-day,72,0,40.70816397,-73.9995087,,0.064104044,1,0,4
12/21/2017 0:00,Brooklyn Bridge,17,10,7,clear-night,33,0,40.70816397,-73.9995087,,0.064228567,0,0,1
7/4/2018 4:00,Brooklyn Bridge,13,7,6,partly-cloudy-night,75,0,40.70816397,-73.9995087,Independence Day,0.064670462,0,0,5
10/7/2017 1:00,Brooklyn Bridge,64,32,32,clear-night,68,0,40.70816397,-73.9995087,,0.064724238,0,0,1
10/9/2017 3:00,Brooklyn Bridge,7,2,5,clear-night,72,0.0007,40.70816397,-73.9995087,Columbus Day (regional holiday),0.064762473,0,0,1
5/8/2018 12:00,Brooklyn Bridge,2010,969,1041,clear-day,66,0,40.70816397,-73.9995087,,0.065175567,1,1,4
1/13/2018 3:00,Brooklyn Bridge,8,5,3,cloudy,55,0.0208,40.70816397,-73.9995087,,0.065348414,0,0,2
4/7/2018 18:00,Brooklyn Bridge,1550,631,919,partly-cloudy-day,45,0,40.70816397,-73.9995087,,0.06547987,1,1,6
3/18/2018 15:00,Brooklyn Bridge,1944,980,964,clear-day,40,0,40.70816397,-73.9995087,,0.065618272,1,1,4
4/23/2018 3:00,Brooklyn Bridge,4,1,3,clear-night,44,0,40.70816397,-73.9995087,,0.065691503,0,0,1
7/28/2018 6:00,Brooklyn Bridge,141,63,78,partly-cloudy-day,69,0.0005,40.70816397,-73.9995087,,0.065869426,0,0,6
11/27/2017 13:00,Brooklyn Bridge,1374,561,813,clear-day,50,0,40.70816397,-73.9995087,,0.066081179,1,1,4
2/14/2018 5:00,Brooklyn Bridge,8,4,4,partly-cloudy-night,34,0.0032,40.70816397,-73.9995087,Valentine's Day,0.066098874,0,0,5
6/11/2018 1:00,Brooklyn Bridge,10,7,3,cloudy,58,0.0101,40.70816397,-73.9995087,,0.066380541,0,0,2
6/28/2018 3:00,Brooklyn Bridge,6,4,2,cloudy,70,0.0145,40.70816397,-73.9995087,,0.066593419,0,0,2
4/5/2018 3:00,Brooklyn Bridge,4,2,2,clear-night,37,0,40.70816397,-73.9995087,,0.06670595,0,0,1
1/22/2018 20:00,Brooklyn Bridge,82,57,25,partly-cloudy-night,40,0,40.70816397,-73.9995087,,0.066952808,0,0,5
1/26/2018 4:00,Brooklyn Bridge,2,1,1,clear-night,26,0,40.70816397,-73.9995087,,0.067054626,0,0,1
12/13/2017 14:00,Brooklyn Bridge,809,373,436,clear-day,30,0,40.70816397,-73.9995087,,0.067179459,1,1,4
12/6/2017 2:00,Brooklyn Bridge,4,0,4,partly-cloudy-night,56,0.001,40.70816397,-73.9995087,,0.067291711,0,0,5
10/29/2017 21:00,Brooklyn Bridge,2,1,1,rain,63,0.1711,40.70816397,-73.9995087,,0.067321778,0,0,3
5/13/2018 18:00,Brooklyn Bridge,989,468,521,partly-cloudy-day,53,0.0007,40.70816397,-73.9995087,Mother's Day,0.067656629,1,1,6
11/30/2017 0:00,Brooklyn Bridge,32,15,17,clear-night,40,0,40.70816397,-73.9995087,,0.067699322,0,0,1
10/5/2017 3:00,Brooklyn Bridge,3,0,3,partly-cloudy-night,64,0,40.70816397,-73.9995087,,0.067765323,0,0,5
7/8/2018 8:00,Brooklyn Bridge,370,223,147,clear-day,67,0,40.70816397,-73.9995087,,0.067773845,0,0,4
11/8/2017 4:00,Brooklyn Bridge,5,3,2,partly-cloudy-night,39,0.0002,40.70816397,-73.9995087,,0.068042864,0,0,5
